call,channel,priority,non_interruptable,sound_code,comment,source_file
cheer2_snd,0,0x94,1,0x8144,Long cheer,PLYR3.axx
cheer_snd,0,0x98,1,0x8144,Quick cheer,SELECT.axx
cheer2_snd,0,0x94,1,0x8144,Long cheer,SELECT.axx
cheer_snd,0,0x98,1,0x8144,Quick cheer,PLYR2.axx
cheer2_snd,0,0x94,1,0x8144,Long cheer,PLYR2.axx
boo1_snd,0,0x84,1,0x814A,Boo,SELECT.axx
boo1_snd,0,0x84,1,0x814A,Boo,PLYR2.axx
scrm2_snd,0,0x40,0,0x814B,,BB.axx
scrm2_snd,0,0x80,0,0x814B,,SCREAM.axx
airball_snd,0,0x94,1,0x814D,"crowd screams ""air ball""",PLYR.axx
cheer_snd,0,0x98,1,0x814E,,AUDIT.axx
boo_snd,0,0x94,1,0x8150,Boo,PLYRSEQ2.axx
horn_snd,0,0xFE,1,0x8159,horn,SOUNDS.axx
whstle_snd,1,0xF5,1,0x0148,Ref whistle at game start,PLYR.axx
versus,1,0xFF,1,0x802F,versus,SPEECH.axx
scrs26,1,0x81,1,0x812B,FANTASTIC!,SPEECH.axx
scrs24,1,0x81,1,0x812D,the easy jam,SPEECH.axx
munged,1,0x90,1,0x812E,munged,SPEECH.axx
fancy,1,0x81,1,0x812F,fancy move,PLYRLSEQ.axx
fancy,1,0x81,1,0x812F,fancy move,PLYRDSEQ.axx
scrs25,1,0x81,1,0x812F,fancy move,SPEECH.axx
whstle_snd,1,0xF5,1,0x8148,Ref whistle at game start,SCORE.axx
getout,1,0x90,1,0x815D,get that outta here,SPEECH.axx
scrm4_snd,1,0x80,0,0x815F,,SCREAM.axx
heatup_snd,1,0xF1,1,0x8168,He's heating up,SPEECH.axx
onfire_snd,1,0xA1,1,0x8169,He's on fire,SPEECH.axx
onfire_snd,1,0xFE,1,0x8169,He's on fire,PLYR2.axx
fake_snd,1,0x81,1,0x816E,Head fake,PLYR2.axx
uncon,1,0x81,1,0x816F,he's unconscious,SPEECH.axx
wingame,1,0xFF,1,0x8173,win the game,SPEECH.axx
arewinrs,1,0xFF,1,0x8174,are the winners,SPEECH.axx
cantbuy,1,0x81,1,0x8175,can't buy a bucket,SPEECH.axx
flagrant,1,0x90,1,0x8178,flagrant,SPEECH.axx
overtime_snd,1,0xFF,1,0x8180,overtime!,PLYR.axx
ovrtme,1,0xFF,1,0x8180,overtime!,SPEECH.axx
intoot_snd,1,0x90,1,0x8180,Into o.t.,SCORE.axx
scrs0,1,0x81,1,0x8182,and it's good,SPEECH.axx
anncr3_snd,1,0xF8,0,0x8182,And it's good,PLYR2.axx
anncr4_snd,1,0xF6,1,0x8183,At the buzzer,PLYR.axx
shts7,1,0xA0,1,0x8183,at the buzzer,SPEECH.axx
scrs13,1,0x81,1,0x8184,gets a lucky bounce,SPEECH.axx
scrs2,1,0x81,1,0x8187,got it!,SPEECH.axx
greatd,1,0x90,1,0x8188,great defense,SPEECH.axx
takethat,1,0x90,1,0x8189,take that!,SPEECH.axx
shts0,1,0x80,0,0x818A,from the 3 point line,SPEECH.axx
anncr5_snd,1,0xF6,1,0x818B,From long range,PLYR.axx
shts5,1,0x80,0,0x818B,from long range,SPEECH.axx
tip_snd,1,0xFE,1,0x818D,Here's the tip,BB.axx
anncr1_snd,1,0xF6,1,0x818E,He shoots from downtown,PLYR.axx
shts2,1,0x80,0,0x818E,from down town,SPEECH.axx
anncr2_snd,1,0xF6,1,0x8190,He shoots from the outside,PLYR.axx
shts3,1,0x80,0,0x8190,he shoots from the outside,SPEECH.axx
scrs12,1,0x81,1,0x819B,scores,SPEECH.axx
scrs16,1,0x81,1,0x819C,boom shakalaka,SPEECH.axx
scrs9,1,0x81,1,0x819D,sweet touch,SPEECH.axx
scrs6,1,0x81,1,0x81A0,finger rolls it in,SPEECH.axx
shts8,1,0x80,0,0x81A3,for two,SPEECH.axx
airb,1,0x81,1,0x81A4,goes airborne!,PLYRLSEQ.axx
airb,1,0x81,1,0x81A4,goes airborne!,PLYRDSEQ.axx
jamsit,1,0x81,1,0x81A4,jams it in,SPEECH.axx
torim,1,0x81,1,0x81A6,to the rim,PLYRLSEQ.axx
torim,1,0x81,1,0x81A6,to the rim,PLYRDSEQ.axx
bookit,1,0x81,1,0x81A6,book it,SPEECH.axx
hangt,1,0x81,1,0x81A7,hangtime,PLYRLSEQ.axx
hangt,1,0x81,1,0x81A7,hangtime,PLYRDSEQ.axx
scrs17,1,0x81,1,0x81A8,razzle dazzle (incredible dunk),SPEECH.axx
scrsrz,1,0x81,1,0x81A8,razzle dazzle,SPEECH.axx
intrcpt,1,0x90,1,0x81A9,intercepted!,SPEECH.axx
intercept,1,0x91,1,0x81A9,Intercepted,PLYR2.axx
inface,1,0x81,1,0x81AB,in your face,PLYRLSEQ.axx
inface,1,0x81,1,0x81AB,in your face,PLYRDSEQ.axx
scrs18,1,0x81,1,0x81AD,is it the shoes?,SPEECH.axx
scrs19,1,0x81,1,0x81AE,kaboom,SPEECH.axx
scrs15,1,0x81,1,0x81AF,lays it up,SPEECH.axx
lookout,1,0x81,1,0x81B0,lookout!,PLYRLSEQ.axx
lookout,1,0x81,1,0x81B0,lookout!,PLYRDSEQ.axx
mnstjam,1,0x81,1,0x81B2,monster jam,PLYRLSEQ.axx
mnstjam,1,0x81,1,0x81B2,monster jam,PLYRDSEQ.axx
scrs20,1,0x81,1,0x81B2,monster jam,SPEECH.axx
noway,1,0x90,1,0x81B4,no way!,SPEECH.axx
reject,1,0x90,1,0x81B6,rejected!,SPEECH.axx
baddec_snd,1,0x90,1,0x81B7,bad decision		<--change!,PLYR.axx
showt,1,0x81,1,0x81B7,showtime!,PLYRLSEQ.axx
baddec_snd,1,0x90,1,0x81B7,bad decision		<--change!,SELECT.axx
showt,1,0x81,1,0x81B7,showtime!,PLYRDSEQ.axx
baddec,1,0x81,1,0x81B7,bad decision		<--change!,SPEECH.axx
scrtied,1,0x90,1,0x81BA,the score is tied,SPEECH.axx
scrs22,1,0x81,1,0x81BB,slams it,SPEECH.axx
scrs23,1,0x81,1,0x81BC,stuffs it,SPEECH.axx
hooksht,1,0x90,1,0x81BD,takes the hook shot	<----check this,SPEECH.axx
turnovr,1,0x90,1,0x81BF,the turnover!,SPEECH.axx
thawk,1,0x81,1,0x81C0,tomahawks one home!,PLYRLSEQ.axx
thawk,1,0x81,1,0x81C0,tomahawks one home!,PLYRDSEQ.axx
excuse,1,0x90,1,0x81C0,excuse me!,SPEECH.axx
shts4,1,0x80,1,0x81C1,wild shot,SPEECH.axx
yes,1,0x81,1,0x81C2,YES!,SPEECH.axx
ambushed,1,0x90,1,0x81C4,ugly knockdown	(ambushed),SPEECH.axx
intostands,1,0x70,1,0x81C7,into the stands,PLYR2.axx
hello,1,0x90,1,0x81C8,hello!,SPEECH.axx
getout2,1,0x90,1,0x81C9,get that shit outta here,SPEECH.axx
twopts,1,0x81,1,0x81CA,gets two (two points),SPEECH.axx
welcm_snd,1,0x90,1,0x81CB,Welcome,SELECT.axx
altitude_snd,1,0x81,1,0x81CC,Altitude,PLYR3.axx
downby,1,0x90,1,0x81CD,down by,SPEECH.axx
tofloor,1,0x90,1,0x81CE,knocked to the floor,SPEECH.axx
upby,1,0x90,1,0x81CF,up by,SPEECH.axx
snd_1,1,0x90,1,0x81D0,,SPEECH.axx
snd_2,1,0x90,1,0x81D1,,SPEECH.axx
snd_3,1,0x90,1,0x81D2,,SPEECH.axx
snd_4,1,0x90,1,0x81D3,,SPEECH.axx
snd_5,1,0x90,1,0x81D4,,SPEECH.axx
snd_6,1,0x90,1,0x81D5,,SPEECH.axx
scrs14,1,0x90,1,0x81D6,the nail in the coffin!,SPEECH.axx
gottasht,1,0x90,1,0x81D7,they've gotta shoot it,SPEECH.axx
greatsht,1,0x81,1,0x81D8,great shot!,SPEECH.axx
scrs3,1,0x81,1,0x81DA,finds the hole,SPEECH.axx
scrs4,1,0x81,1,0x81DC,what a shot,SPEECH.axx
wideopen,1,0x81,1,0x81DD,wide open,SPEECH.axx
matchup,1,0xFF,1,0x81DE,tonight's matchup,SPEECH.axx
scrs5,1,0x81,1,0x81DF,hooks it in,SPEECH.axx
scrs1,1,0xA1,1,0x81E0,it's good (excited),SPEECH.axx
scrs10,1,0xA0,0,0x81E1,IT IS....,SPEECH.axx
scrs11,1,0xA1,1,0x81E2,GOOOOD!!!,SPEECH.axx
shts6,1,0x80,1,0x81E3,out of range (launches a shot),SPEECH.axx
shts1,1,0x80,0,0x81E6,shoots for 3,SPEECH.axx
ohmy,1,0x81,1,0x81EA,OH....MY!!!,PLYRLSEQ.axx
ohmy,1,0x81,1,0x81EA,OH....MY!!!,PLYRDSEQ.axx
scrs7,1,0x81,1,0x81EA,oh my!,SPEECH.axx
ohmy,1,0x81,1,0x81EA,oh my!,PLYR2.axx
facial,1,0x81,1,0x81EE,delivers the facial!,PLYRLSEQ.axx
facial,1,0x81,1,0x81EE,delivers the facial!,PLYRDSEQ.axx
facial_snd,1,0x90,1,0x81EE,Delivers the,PLYR2.axx
grabreb,1,0x90,1,0x81EF,grabs the rebound,SPEECH.axx
rainbow_snd,1,0xA0,0,0x81F0,Rainbow,PLYR.axx
shtsrb,1,0x80,0,0x81F0,rainbow,SPEECH.axx
nogood,1,0x81,1,0x81F1,NO GOOD!,SPEECH.axx
nogood,1,0x81,1,0x81F1,NO GOOD!,PLYR2.axx
rejects,1,0x90,1,0x81F2,rejects the shot,SPEECH.axx
stolen,1,0x90,1,0x81F3,steals the ball,SPEECH.axx
stealsb,1,0x90,1,0x81F3,steals the ball,PLYR2.axx
spectd,1,0x81,1,0x81F5,spectacular dunk,PLYRLSEQ.axx
spectd,1,0x81,1,0x81F5,spectacular dunk,PLYRDSEQ.axx
scrs8,1,0x81,1,0x81F5,spectacular dunk,SPEECH.axx
hescores,1,0x81,1,0x81F6,he scores,SPEECH.axx
snd_7,1,0x90,1,0x81F7,,SPEECH.axx
snd_8,1,0x90,1,0x81F8,,SPEECH.axx
snd_9,1,0x90,1,0x81F9,,SPEECH.axx
snd_10,1,0x90,1,0x81FA,,SPEECH.axx
snd_15,1,0x90,1,0x81FB,,SPEECH.axx
snd_20,1,0x90,1,0x81FC,,SPEECH.axx
hothand,1,0x90,1,0x81FD,He's got a hot hand,SPEECH.axx
flsh1_snd,2,0xBE,1,0x80A8,,PLYR2.axx
beep1_snd,3,0xF7,0,0x0080,MENU BAR MOVE SOUND,TEST.axx
SELECT_SND,3,0xF7,0,0x0084,MENU OPTION SELECT SOUND,TEST.axx
pass_snd,3,0xA7,0,0x008C,short pass,PLYR.axx
steal_snd,3,0xF7,1,0x0093,Steal,PLYR.axx
win_snd,3,0xFF,0,0x00A5,Winner snd,PLYR.axx
tune1psx_snd,3,0xFF,0,0x0721,team select screen (PSX),SOUNDS.axx
tuneq1psx_snd,3,0xFF,0,0x0722,Quarter 1 tune (Actually not q1.. psx uses matches.),SOUNDS.axx
tuneq4psx_snd,3,0xFF,0,0x0722,Quarter 4 tune (Actually not q1.. psx uses matches.),SOUNDS.axx
tunehalfpsx_snd,3,0xFF,0,0x0724,Half time tune (And between quarters + game over on PSX!) ;plyr.axx,SOUNDS.axx
tuneq2psx_snd,3,0xFF,0,0x0726,Quarter 2 tune (Actually not q1.. psx uses matches.),SOUNDS.axx
tuneotpsx_snd,3,0xFF,0,0x0726,"Quarter o.t. tune	;score.axx, attract.axx",SOUNDS.axx
tuneq3psx_snd,3,0xFF,0,0x0727,Quarter 3 tune (Actually not q1.. psx uses matches.),SOUNDS.axx
tuneend1psx_snd,3,0xFF,0,0x072A,End quarter 1/3/4/OT tune (from JAM),SOUNDS.axx
tune1_snd,3,0xFE,0,0x8001,team select screen,SELECT.axx
tuneq1_snd,3,0xFF,0,0x8002,Quarter 1 tune,BB.axx
tune2_snd,3,0xFE,0,0x8002,main game play tune,SOUNDS.axx
tuneend_snd,3,0xFF,0,0x8003,End game time tune,PLYR.axx
tunehalf_snd,3,0xFF,0,0x8004,Half time tune,PLYR.axx
tunehalf_snd,3,0xFF,0,0x8004,Half time tune,PLYR3.axx
tune1end_snd,3,0xFE,0,0x8004,End team select tune,SELECT.axx
congrats_snd,3,0xFF,0,0x8004,,SELECT2.axx
tuneq2_snd,3,0xFF,0,0x8006,Quarter 2 tune,ATTRACT.axx
tuneq2_snd,3,0xFF,0,0x8006,Quarter 2 tune,SOUNDS.axx
tuneq2_snd,3,0xFF,0,0x8006,Quarter 2 tune,SCORE.axx
tuneq3_snd,3,0xFF,0,0x8007,Quarter 3 tune,ATTRACT.axx
tuneq3_snd,3,0xFF,0,0x8007,Quarter 3 tune,SOUNDS.axx
tuneq3_snd,3,0xFF,0,0x8007,Quarter 3 tune,SCORE.axx
tuneq4_snd,3,0xFF,0,0x8008,Quarter 4 tune,ATTRACT.axx
tuneq4_snd,3,0xFF,0,0x8008,Quarter 4 tune,SOUNDS.axx
tuneq4_snd,3,0xFF,0,0x8008,Quarter 4 tune,SCORE.axx
tuneend_snd,3,0xFF,0,0x8009,End game time tune,ATTRACT.axx
tuneend1_snd,3,0xFF,0,0x800A,End quarter 1 tune,PLYR.axx
tuneend1_snd,3,0xFF,0,0x800A,End quarter 1 tune,ATTRACT.axx
tuneot_snd,3,0xFF,0,0x800B,Quarter o.t. tune,ATTRACT.axx
tuneot_snd,3,0xFF,0,0x800B,Quarter o.t.,SOUNDS.axx
tuneot_snd,3,0xFF,0,0x800B,Quarter o.t. tune,SCORE.axx
tunegc_snd,3,0xFE,0,0x800C,Grand champion play tune,SELECT2.axx
VOLUMEF,3,0xFE,0,0x8020,,SOUNDS.axx
VOLUMEE,3,0xFE,0,0x8021,,SOUNDS.axx
VOLUMED,3,0xFE,0,0x8022,,SOUNDS.axx
VOLUMEC,3,0xFE,0,0x8023,,SOUNDS.axx
VOLUMEB,3,0xFE,0,0x8024,,SOUNDS.axx
VOLUMEA,3,0xFE,0,0x8025,,SOUNDS.axx
VOLUME9,3,0xFE,0,0x8026,,SOUNDS.axx
VOLUME8,3,0xFE,0,0x8027,,SOUNDS.axx
VOLUME7,3,0xFE,0,0x8028,,SOUNDS.axx
VOLUME6,3,0xFE,0,0x8029,,SOUNDS.axx
VOLUME5,3,0xFE,0,0x802A,,SOUNDS.axx
VOLUME4,3,0xFE,0,0x802B,,SOUNDS.axx
VOLUME3,3,0xFE,0,0x802C,,SOUNDS.axx
VOLUME2,3,0xFE,0,0x802D,,SOUNDS.axx
VOLUME1,3,0xFE,0,0x802E,,SOUNDS.axx
VOLUME0,3,0xFE,0,0x802F,,SOUNDS.axx
cursor_snd1,3,0xF7,0,0x8080,cursor movement,SELECT.axx
cursor_snd2,3,0xF7,0,0x8081,,SELECT.axx
cursor_snd3,3,0xF7,0,0x8082,,SELECT.axx
cursor_snd4,3,0xF7,0,0x8083,,SELECT.axx
cursor_snd4,3,0xF7,0,0x8083,,TEST.axx
select_snd1,3,0xF7,0,0x8084,select option sound,SELECT.axx
select_snd1,3,0xF7,0,0x8084,select option sound,TEST.axx
select_snd2,3,0xF7,0,0x8085,,SELECT.axx
select_snd3,3,0xF7,0,0x8086,,SELECT.axx
select_snd4,3,0xF7,0,0x8087,,SELECT.axx
fullgame_snd1,3,0xF7,0,0x8088,fullgame purchase,SELECT.axx
fullgame_snd2,3,0xF7,0,0x8089,,SELECT.axx
fullgame_snd3,3,0xF7,0,0x808A,,SELECT.axx
fullgame_snd4,3,0xF7,0,0x808B,,SELECT.axx
tick_snd,3,0xF7,0,0x8090,Tick snd,SCORE.axx
tock_snd,3,0xF7,0,0x8091,Tock snd,SCORE.axx
UHOH,3,0xDF,0,0x8092,FAILURE OF ANY KIND,TEST.axx
alert_snd,3,0xF7,0,0x8092,Alert snd,SCORE.axx
steal_snd,3,0xF7,1,0x8093,Steal,PLYR2.axx
scroll_snd,3,0xFF,0,0x8097,Scroll snd,SELECT.axx
infoex_snd,3,0xFF,0,0x8097,Info box exit,SCORE2.axx
infoex_snd,3,0xFF,0,0x8097,Info box exit,SCORE.axx
warn_snd,3,0xF7,1,0x80A0,Warning on shot clock,SCORE.axx
BEEPSND,3,0xFE,0,0x80A2,LOW BEEP,HSTD.axx
warn2_snd,3,0xF7,1,0x80A3,Warning for info box,SCORE2.axx
coin_snd,3,0xFF,0,0x80A4,coin in melody snd,SOUNDS.axx
win_snd,3,0xFF,0,0x80A5,Winner snd/Suckup credits,SELECT.axx
win_snd,3,0xFF,0,0x80A5,Winner snd/Suckup credits,SCORE.axx
ting_snd,3,0xFF,0,0x80A6,Scroll snd,ATTRACT.axx
eat_snd,3,0x1F,0,0x80A7,Suck up credit snd,BB.axx
flsh2_snd,3,0xBE,1,0x80A9,,PLYR2.axx
organ1_snd,3,0xFF,0,0x80AE,,BB.axx
organ1_snd,3,0xFF,0,0x80AE,,SPEECH.axx
organ2_snd,3,0xFF,0,0x80AF,,BB.axx
organ2_snd,3,0xFF,0,0x80AF,,SPEECH.axx
scrm1_snd,3,0x80,0,0x813D,,SCREAM.axx
fball_snd,4,0xB0,1,0x0179,Fire ball launch,PLYR.axx
swish_snd,4,0xA0,1,0x8112,Ball swish,PLYR2.axx
enfiresnd,4,0x60,0,0x811D,Enemy cannon,D3.axx
dunk_snd,4,0xA4,1,0x8120,Dunk,PLYR2.axx
beep2_snd,4,0xF7,1,0x8123,beep tone for diagnostics,SOUNDS.axx
cntdown_snd,4,0xF5,1,0x8123,buyin cntdwn clang,SOUNDS.axx
missd1_snd,4,0x90,1,0x8128,Cartoon part of missed dunk,PLYR2.axx
bounce_snd,4,0x80,1,0x8129,Ball bounce,ATTRACT.axx
plfiresnd,4,0x50,0,0x8129,Player cannon,D3.axx
bounce_snd,4,0x80,1,0x8129,Ball bounce,RECORD.axx
bounce_snd,4,0x80,1,0x8129,Ball bounce,AUDIT.axx
bounce_snd,4,0x80,1,0x8129,Ball bounce,SELECT.axx
bounce_snd,4,0x80,1,0x8129,Ball bounce,SCORE2.axx
bounce_snd,4,0x80,1,0x8129,Ball bounce,SELECT2.axx
bounce_snd,4,0x80,1,0x8129,Ball bounce,PLYR2.axx
showtm,4,0xA1,1,0x812C,showtime,SCORE.axx
plhit_snd,4,0xF5,1,0x8138,Hit backboard,D3.axx
hitbboard_snd,4,0xF5,1,0x8138,Hit backboard,PLYR2.axx
miss3_snd,4,0x90,1,0x813A,Ball hits rim,PLYR2.axx
miss_snd,4,0x90,1,0x813B,Ball hits rim,PLYR2.axx
cheer3_snd,4,0x84,1,0x814E,Long cheer,SELECT.axx
cheer3_snd,4,0x84,1,0x814E,Long cheer,PLYR2.axx
tankexpsnd,4,0xC0,1,0x8153,Tank explosion,D3.axx
explode_snd,4,0xF9,1,0x8153,Backboard smash,PLYR2.axx
scrm3_snd,4,0x40,0,0x815E,,BB.axx
scrm3_snd,4,0x80,0,0x815E,,SCREAM.axx
sqk1_snd,5,0x84,0,0x0114,Sneaker squeek,PLYR.axx
sqk2_snd,5,0x84,0,0x0115,,PLYR.axx
sqk3_snd,5,0x84,0,0x0116,,PLYR.axx
sqk4_snd,5,0x84,0,0x0117,,PLYR.axx
swat_snd,5,0x94,1,0x0157,Swat ball (Steals & blocks),PLYR.axx
cheer1_snd,5,0x84,1,0x8111,Long cheer,PLYR3.axx
cheer1_snd,5,0x84,1,0x8111,Long cheer,SELECT.axx
cheer1_snd,5,0x84,1,0x8111,Long cheer,PLYR2.axx
swipe_snd,5,0x84,0,0x8119,swipe at ball,PLYRSEQ.axx
land_snd,5,0x89,1,0x811D,Body land on grnd,PLYRSEQ2.axx
miss2_snd,5,0x90,1,0x8139,Ball hits rim,PLYR2.axx
scrm1_snd,5,0x40,0,0x813D,,BB.axx
cheer1_snd,5,0x84,1,0x8144,Long cheer,AUDIT.axx
heli_snd,5,0xF4,1,0x8154,helicopter,PLYRDSEQ.axx
swat3_snd,5,0x94,1,0x8155,,PLYR2.axx
swat_snd,5,0x94,1,0x8157,Swat ball (Steals & blocks),PLYR2.axx
jet,5,0x81,1,0x8158,jet sound,PLYRLSEQ.axx
jet,5,0x81,1,0x8158,jet sound,PLYRDSEQ.axx
scrm4_snd,5,0x40,0,0x815F,<--- check channel on this,BB.axx
push1_snd,5,0x85,1,0x8160,Push ugh,PLYR2.axx
push1_snd,5,0x85,1,0x8160,Push ugh,PLYRSEQ2.axx
fall1_snd,5,0x88,1,0x8164,Fall ugh,PLYRSEQ2.axx
fall2_snd,5,0x88,1,0x8166,Fall ugh,PLYRSEQ2.axx
yell,5,0x91,1,0x8167,aaaaaaaaaaaaaaaahhhhhhhhhhh,PLYRLSEQ.axx
yell,5,0xE1,1,0x8167,aaaaaaaaaaaaaaaahhhhhhhhhhh,PLYRDSEQ.axx
push3_snd,5,0x85,1,0x816A,Push ugh,PLYRSEQ2.axx
push2_snd,5,0x85,1,0x816C,Push ugh,PLYRSEQ2.axx
ungh_snd,5,0x85,1,0x816C,Push ugh,PLYRSEQ2.axx
tarzan,5,0x91,1,0x8177,tarzan yell!,PLYRLSEQ.axx
tarzan,5,0x91,1,0x8177,tarzan yell!,PLYRDSEQ.axx
pass_speech[0],1,0x80,1,0x8050,TO MANNING,SPEECH.axx
pass_speech[1],1,0x80,1,0x80EF,TO AUGMON	( ATLANTA ),SPEECH.axx
pass_speech[2],1,0x80,1,0x8162,TO WILLIS,SPEECH.axx
pass_speech[3],1,0x80,1,0x8145,TO LEWIS,SPEECH.axx
pass_speech[4],1,0x80,1,0x80F7,TO MCDAN,SPEECH.axx
pass_speech[5],1,0x80,1,0x80F8,TO BROWN	( BOSTON ),SPEECH.axx
pass_speech[6],1,0x80,1,0x80E9,TO JOHNSN_L	( CHARLOTTE ),SPEECH.axx
pass_speech[7],1,0x80,1,0x8061,TO HAWKINS,SPEECH.axx
pass_speech[8],1,0x80,1,0x8121,TO MOURNING,SPEECH.axx
pass_speech[9],1,0x80,1,0x817C,TO JORDAN,SPEECH.axx
pass_speech[10],1,0x80,1,0x80E7,TO PIPPEN,SPEECH.axx
pass_speech[11],1,0x80,1,0x8130,TO ARMSTRNG,SPEECH.axx
pass_speech[12],1,0x80,1,0x80E6,TO GRANT_HC	( CHICAGO ),SPEECH.axx
pass_speech[13],1,0x80,1,0x8055,TO PRICE,SPEECH.axx
pass_speech[14],1,0x80,1,0x8056,TO DAUGHRTY	( CLEVELAND ),SPEECH.axx
pass_speech[15],1,0x80,1,0x8122,TO NANCE,SPEECH.axx
pass_speech[16],1,0x80,1,0x817B,TO JACKSON,SPEECH.axx
pass_speech[17],1,0x80,1,0x817D,TO MASHBURN,SPEECH.axx
pass_speech[18],1,0x80,1,0x8051,TO HARPER_D,SPEECH.axx
pass_speech[19],1,0x80,1,0x8059,TO MUTUMBO,SPEECH.axx
pass_speech[20],1,0x80,1,0x805A,TO ELLIS	( DENVER ),SPEECH.axx
pass_speech[21],1,0x80,1,0x8137,TO ROGERS,SPEECH.axx
pass_speech[22],1,0x80,1,0x80FE,TO THOMAS,SPEECH.axx
pass_speech[23],1,0x80,1,0x8147,TO LAIMBEER,SPEECH.axx
pass_speech[24],1,0x80,1,0x8141,TO DUMARS,SPEECH.axx
pass_speech[25],1,0x80,1,0x80F6,TO ELLIOT,SPEECH.axx
pass_speech[26],1,0x80,1,0x80FB,TO HARDAWAY,SPEECH.axx
pass_speech[27],1,0x80,1,0x80FC,TO MULLIN	( GOLDEN STATE ),SPEECH.axx
pass_speech[28],1,0x80,1,0x8161,TO WEBBER,SPEECH.axx
pass_speech[29],1,0x80,1,0x8058,TO OLAJUWON,SPEECH.axx
pass_speech[30],1,0x80,1,0x817F,TO MAXWELL,SPEECH.axx
pass_speech[31],1,0x80,1,0x8146,TO HORRY,SPEECH.axx
pass_speech[32],1,0x80,1,0x8057,TO SMITH	( HOUSTON ),SPEECH.axx
pass_speech[33],1,0x80,1,0x804D,TO MILLER,SPEECH.axx
pass_speech[34],1,0x80,1,0x8149,TO SEALY,SPEECH.axx
pass_speech[35],1,0x80,1,0x814F,TO SMITS,SPEECH.axx
pass_speech[36],1,0x80,1,0x80F0,TO WILKINS,SPEECH.axx
pass_speech[37],1,0x80,1,0x8051,TO HARPER_R	( L.A. CLIPPERS ),SPEECH.axx
pass_speech[38],1,0x80,1,0x802B,TO ROBERTS,SPEECH.axx
pass_speech[39],1,0x80,1,0x8125,TO PEELER,SPEECH.axx
pass_speech[40],1,0x80,1,0x804E,TO DIVAC	( L.A. LAKERS ),SPEECH.axx
pass_speech[41],1,0x80,1,0x813E,TO CAMPBELL,SPEECH.axx
pass_speech[42],1,0x80,1,0x804F,TO WORTHY,SPEECH.axx
pass_speech[43],1,0x80,1,0x8054,TO RICE,SPEECH.axx
pass_speech[44],1,0x80,1,0x8053,TO SEIKALY	( MIAMI ),SPEECH.axx
pass_speech[45],1,0x80,1,0x811C,TO MINER,SPEECH.axx
pass_speech[46],1,0x80,1,0x8131,TO BAKER,SPEECH.axx
pass_speech[47],1,0x80,1,0x804B,TO EDWARDS	( MILWAUKEE ),SPEECH.axx
pass_speech[48],1,0x80,1,0x8140,TO DAY,SPEECH.axx
pass_speech[49],1,0x80,1,0x80FF,TO LOHAUS,SPEECH.axx
pass_speech[50],1,0x80,1,0x805E,TO LAETNER,SPEECH.axx
pass_speech[51],1,0x80,1,0x805D,TO PERSON	( MINNESOTTA ),SPEECH.axx
pass_speech[52],1,0x80,1,0x812A,TO RIDER,SPEECH.axx
pass_speech[53],1,0x80,1,0x8060,TO COLEMAN,SPEECH.axx
pass_speech[54],1,0x80,1,0x80F2,TO PETROVIC,SPEECH.axx
pass_speech[55],1,0x80,1,0x805F,TO KANDERSON	( NEW JERSEY ),SPEECH.axx
pass_speech[56],1,0x80,1,0x811E,TO CMORRIS,SPEECH.axx
pass_speech[57],1,0x80,1,0x80EE,TO EWING,SPEECH.axx
pass_speech[58],1,0x80,1,0x817E,TO MASON,SPEECH.axx
pass_speech[59],1,0x80,1,0x8151,TO STARKS,SPEECH.axx
pass_speech[60],1,0x80,1,0x80ED,TO OAKLEY	( NEW YORK ),SPEECH.axx
pass_speech[61],1,0x80,1,0x81BE,TO ONEAL	;Wolf Unit only,SPEECH.axx
pass_speech[62],1,0x80,1,0x80FB,TO AHARDAWAY,SPEECH.axx
pass_speech[63],1,0x80,1,0x80E4,TO SKILES	( ORLANDO ),SPEECH.axx
pass_speech[64],1,0x80,1,0x8152,TO WEATHERSPOON,SPEECH.axx
pass_speech[65],1,0x80,1,0x8133,TO BRADLEY,SPEECH.axx
pass_speech[66],1,0x80,1,0x8062,TO HORNACEK	( PHILADELPHIA ),SPEECH.axx
pass_speech[67],1,0x80,1,0x80EC,TO BARKLEY,SPEECH.axx
pass_speech[68],1,0x80,1,0x80EB,TO MAJERLE	( PHOENIX ),SPEECH.axx
pass_speech[69],1,0x80,1,0x80E9,TO KJOHNSON,SPEECH.axx
pass_speech[70],1,0x80,1,0x80F4,TO DREXLER,SPEECH.axx
pass_speech[71],1,0x80,1,0x80F3,TO PORTER	( PORTLAND ),SPEECH.axx
pass_speech[72],1,0x80,1,0x80F5,TO CROBINSON,SPEECH.axx
pass_speech[73],1,0x80,1,0x80E6,TO GRANT_HV,SPEECH.axx
pass_speech[74],1,0x80,1,0x814C,TO SIMMONS,SPEECH.axx
pass_speech[75],1,0x80,1,0x817A,TO HURLEY,SPEECH.axx
pass_speech[76],1,0x80,1,0x8127,TO RICHMOND,SPEECH.axx
pass_speech[77],1,0x80,1,0x805B,TO TISDALE,SPEECH.axx
pass_speech[78],1,0x80,1,0x805C,TO WEBB	( SACRAMENTO ),SPEECH.axx
pass_speech[79],1,0x80,1,0x80F5,TO ROBINSON	( SAN ANTONIO ),SPEECH.axx
pass_speech[80],1,0x80,1,0x8135,TO RODMAN,SPEECH.axx
pass_speech[81],1,0x80,1,0x805A,TO DELLIS,SPEECH.axx
pass_speech[82],1,0x80,1,0x80F1,TO KEMP,SPEECH.axx
pass_speech[83],1,0x80,1,0x8126,TO PAYTON	( SEATTLE ),SPEECH.axx
pass_speech[84],1,0x80,1,0x80EA,TO GILL,SPEECH.axx
pass_speech[85],1,0x80,1,0x804C,TO SCHREMPF	( INDIANA ),SPEECH.axx
pass_speech[86],1,0x80,1,0x80FA,TO MALONE_K,SPEECH.axx
pass_speech[87],1,0x80,1,0x80F9,TO STOCKTON	( UTAH ),SPEECH.axx
pass_speech[88],1,0x80,1,0x8132,TO BENOIT,SPEECH.axx
pass_speech[89],1,0x80,1,0x80E8,TO GUGLIOTA	( WASHINGTON ),SPEECH.axx
pass_speech[90],1,0x80,1,0x8142,TO ELLISON,SPEECH.axx
pass_speech[91],1,0x80,1,0x813F,TO CHEANEY,SPEECH.axx
pass_speech[92],1,0x80,1,0x817C,TO JORDAN,SPEECH.axx
pass_speech[93],1,0x80,1,0x81BE,TO ONEAL	;Wolf Unit only,SPEECH.axx
pass_speech[94],1,0x80,1,0x81BE,TO ONEAL	;Wolf Unit only,SPEECH.axx
pass_speech[95],1,0x80,1,0x817C,TO JORDAN,SPEECH.axx
pass_speech[96],1,0x80,1,0x80F5,TO ROBINSON	( SAN ANTONIO ),SPEECH.axx
pass_speech[97],1,0x80,1,0x80F9,TO STOCKTON	( UTAH ),SPEECH.axx
pass_speech[98],1,0x80,1,0x80F9,TO STOCKTON	( UTAH ),SPEECH.axx
pass_speech[99],1,0x80,1,0x80F5,TO ROBINSON	( SAN ANTONIO ),SPEECH.axx
pass_speech[100],1,0x80,1,0x80EC,TO barkley,SPEECH.axx
pass_speech[101],1,0x80,1,0x80FA,TO MALONE_K,SPEECH.axx
pass_speech[102],1,0x80,1,0x80FA,TO MALONE_K,SPEECH.axx
pass_speech[103],1,0x80,1,0x80EC,TO barkley,SPEECH.axx
pass_speech[104],1,0x80,1,0x8058,TO OLAJUWON,SPEECH.axx
pass_speech[105],1,0x80,1,0x80FE,TO THOMAS,SPEECH.axx
pass_speech[106],1,0x80,1,0x80FE,TO THOMAS,SPEECH.axx
pass_speech[107],1,0x80,1,0x8058,TO OLAJUWON,SPEECH.axx
pass_speech[108],1,0x80,1,0x80F1,TO KEMP,SPEECH.axx
pass_speech[109],1,0x80,1,0x804D,TO MILLER,SPEECH.axx
pass_speech[110],1,0x80,1,0x804D,TO MILLER,SPEECH.axx
pass_speech[111],1,0x80,1,0x80F1,TO KEMP,SPEECH.axx
pass_speech[112],1,0x80,1,0x80F4,TO DREXLER,SPEECH.axx
pass_speech[113],1,0x80,1,0x80EE,TO EWING,SPEECH.axx
pass_speech[114],1,0x80,1,0x80EE,TO EWING,SPEECH.axx
pass_speech[115],1,0x80,1,0x80F4,TO DREXLER,SPEECH.axx
pass_speech[116],1,0x80,1,0x80E9,TO JOHNSN_L	( CHARLOTTE ),SPEECH.axx
pass_speech[117],1,0x80,1,0x8141,TO DUMARS,SPEECH.axx
pass_speech[118],1,0x80,1,0x8141,TO DUMARS,SPEECH.axx
pass_speech[119],1,0x80,1,0x80E9,TO JOHNSN_L	( CHARLOTTE ),SPEECH.axx
pass_speech[120],1,0x80,1,0x8060,TO COLEMAN,SPEECH.axx
pass_speech[121],1,0x80,1,0x80FC,TO MULLIN	( GOLDEN STATE ),SPEECH.axx
pass_speech[122],1,0x80,1,0x80FC,TO MULLIN	( GOLDEN STATE ),SPEECH.axx
pass_speech[123],1,0x80,1,0x8060,TO COLEMAN,SPEECH.axx
pass_speech[124],1,0x80,1,0x8059,TO MUTUMBO,SPEECH.axx
pass_speech[125],1,0x80,1,0x8121,TO MOURNING,SPEECH.axx
pass_speech[126],1,0x80,1,0x8121,TO MOURNING,SPEECH.axx
pass_speech[127],1,0x80,1,0x8059,TO MUTUMBO,SPEECH.axx
pass_speech[128],1,0x80,1,0x80F0,TO WILKINS,SPEECH.axx
pass_speech[129],1,0x80,1,0x8135,TO RODMAN,SPEECH.axx
pass_speech[130],1,0x80,1,0x8135,TO RODMAN,SPEECH.axx
pass_speech[131],1,0x80,1,0x80F0,TO WILKINS,SPEECH.axx
pass_speech[132],1,0x90,1,0x81FE,silence,SPEECH.axx
pass_speech[133],1,0x90,1,0x81FE,silence,SPEECH.axx
pass_speech[134],1,0x90,1,0x81FE,silence,SPEECH.axx
pass_speech[135],1,0x90,1,0x81FE,silence,SPEECH.axx
pass_speech[136],1,0x90,1,0x81FE,silence,SPEECH.axx
name_speech[0],1,0x80,1,0x80D2,MANNING	( L.A. CLIPPERS ),SPEECH.axx
name_speech[1],1,0x80,1,0x80BC,AUGMON,SPEECH.axx
name_speech[2],1,0x80,1,0x806A,WILLIS,SPEECH.axx
name_speech[3],1,0x80,1,0x8019,LEWIS,SPEECH.axx
name_speech[4],1,0x80,1,0x80C4,MCDAN,SPEECH.axx
name_speech[5],1,0x80,1,0x80C3,BROWN		( BOSTON ),SPEECH.axx
name_speech[6],1,0x80,1,0x80B6,JOHNSN_L	( CHARLOTTE ),SPEECH.axx
name_speech[7],1,0x80,1,0x80E3,HAWKINS,SPEECH.axx
name_speech[8],1,0x80,1,0x8025,MOURNING,SPEECH.axx
name_speech[9],1,0x80,1,0x801E,JORDAN		( CHICAGO ),SPEECH.axx
name_speech[10],1,0x80,1,0x80B2,PIPPEN,SPEECH.axx
name_speech[11],1,0x80,1,0x8010,ARMSTRNG,SPEECH.axx
name_speech[12],1,0x80,1,0x80B3,GRANT_HC,SPEECH.axx
name_speech[13],1,0x80,1,0x80D7,PRICE		( CLEVELAND ),SPEECH.axx
name_speech[14],1,0x80,1,0x80D6,DAUGHRTY,SPEECH.axx
name_speech[15],1,0x80,1,0x8026,NANCE,SPEECH.axx
name_speech[16],1,0x80,1,0x801D,JACKSON,SPEECH.axx
name_speech[17],1,0x80,1,0x801F,MASHBURN,SPEECH.axx
name_speech[18],1,0x80,1,0x80D1,HARPER_D	( DALLAS ),SPEECH.axx
name_speech[19],1,0x80,1,0x80DB,MUTUMBO	( DENVER ),SPEECH.axx
name_speech[20],1,0x80,1,0x80DA,ELLIS,SPEECH.axx
name_speech[21],1,0x80,1,0x8063,ROGERS,SPEECH.axx
name_speech[22],1,0x80,1,0x80C9,THOMAS		( DETROIT ),SPEECH.axx
name_speech[23],1,0x80,1,0x801B,LAIMBEER,SPEECH.axx
name_speech[24],1,0x80,1,0x8017,DUMARS,SPEECH.axx
name_speech[25],1,0x80,1,0x80C1,ELLIOT,SPEECH.axx
name_speech[26],1,0x80,1,0x80C8,HARDAWAY	( GOLDEN STATE ),SPEECH.axx
name_speech[27],1,0x80,1,0x80C7,MULLIN,SPEECH.axx
name_speech[28],1,0x80,1,0x8069,WEBBER,SPEECH.axx
name_speech[29],1,0x80,1,0x80D8,OLAJUWON	( HOUSTON ),SPEECH.axx
name_speech[30],1,0x80,1,0x8021,MAXWELL,SPEECH.axx
name_speech[31],1,0x80,1,0x801A,HORRY,SPEECH.axx
name_speech[32],1,0x80,1,0x80D9,SMITH,SPEECH.axx
name_speech[33],1,0x80,1,0x80CD,MILLER		( INDIANA ),SPEECH.axx
name_speech[34],1,0x80,1,0x8064,SEALY,SPEECH.axx
name_speech[35],1,0x80,1,0x8066,SMITS,SPEECH.axx
name_speech[36],1,0x80,1,0x80BB,WILKINS	( ATLANTA ),SPEECH.axx
name_speech[37],1,0x80,1,0x80D1,HARPER_R,SPEECH.axx
name_speech[38],1,0x80,1,0x802B,ROBERTS,SPEECH.axx
name_speech[39],1,0x80,1,0x8027,PEELER,SPEECH.axx
name_speech[40],1,0x80,1,0x80D0,DIVAC,SPEECH.axx
name_speech[41],1,0x80,1,0x8014,CAMPBELL,SPEECH.axx
name_speech[42],1,0x80,1,0x80CF,WORTHY		( L.A. LAKERS ),SPEECH.axx
name_speech[43],1,0x80,1,0x80D4,RICE		( MIAMI ),SPEECH.axx
name_speech[44],1,0x80,1,0x80D5,SEIKALY,SPEECH.axx
name_speech[45],1,0x80,1,0x8023,MINER,SPEECH.axx
name_speech[46],1,0x80,1,0x8011,BAKER,SPEECH.axx
name_speech[47],1,0x80,1,0x80CB,EDWARDS,SPEECH.axx
name_speech[48],1,0x80,1,0x8016,DAY,SPEECH.axx
name_speech[49],1,0x80,1,0x80CC,LOHAUS		( MILWAUKEE ),SPEECH.axx
name_speech[50],1,0x80,1,0x80DE,LAETNER	( MINNESOTTA ),SPEECH.axx
name_speech[51],1,0x80,1,0x80DF,PERSON,SPEECH.axx
name_speech[52],1,0x80,1,0x802A,RIDER,SPEECH.axx
name_speech[53],1,0x80,1,0x80E0,COLEMAN	( NEW JERSEY ),SPEECH.axx
name_speech[54],1,0x80,1,0x80BD,PETROVIC,SPEECH.axx
name_speech[55],1,0x80,1,0x80E1,KANDERSON,SPEECH.axx
name_speech[56],1,0x80,1,0x8024,CMORRIS,SPEECH.axx
name_speech[57],1,0x80,1,0x80B9,EWING		( NEW YORK ),SPEECH.axx
name_speech[58],1,0x80,1,0x8020,MASON,SPEECH.axx
name_speech[59],1,0x80,1,0x8067,STARKS,SPEECH.axx
name_speech[60],1,0x80,1,0x80BA,OAKLEY,SPEECH.axx
name_speech[61],1,0x80,1,0x81B9,ONEAL,SPEECH.axx
name_speech[62],1,0x80,1,0x80C8,AHARDAWAY,SPEECH.axx
name_speech[63],1,0x80,1,0x80B1,SKILES,SPEECH.axx
name_speech[64],1,0x80,1,0x8068,WEATHERSPOON	( PHILADELPHIA ),SPEECH.axx
name_speech[65],1,0x80,1,0x8013,BRADLEY,SPEECH.axx
name_speech[66],1,0x80,1,0x80E2,HORNACEK,SPEECH.axx
name_speech[67],1,0x80,1,0x80B7,BARKLEY	( PHOENIX ),SPEECH.axx
name_speech[68],1,0x80,1,0x80B8,MAJERLE,SPEECH.axx
name_speech[69],1,0x80,1,0x80B6,KJOHNSON,SPEECH.axx
name_speech[70],1,0x80,1,0x80BF,DREXLER	( PORTLAND ),SPEECH.axx
name_speech[71],1,0x80,1,0x80C0,PORTER,SPEECH.axx
name_speech[72],1,0x80,1,0x80C2,CROBINSON,SPEECH.axx
name_speech[73],1,0x80,1,0x80B3,GRANT_HV,SPEECH.axx
name_speech[74],1,0x80,1,0x8065,SIMMONS,SPEECH.axx
name_speech[75],1,0x80,1,0x801C,HURLEY,SPEECH.axx
name_speech[76],1,0x80,1,0x8029,RICHMOND,SPEECH.axx
name_speech[77],1,0x80,1,0x80DD,TISDALE	( SACRAMENTO ),SPEECH.axx
name_speech[78],1,0x80,1,0x80DC,WEBB,SPEECH.axx
name_speech[79],1,0x80,1,0x80C2,ROBINSON	( SAN ANTONIO ),SPEECH.axx
name_speech[80],1,0x80,1,0x802C,RODMAN,SPEECH.axx
name_speech[81],1,0x80,1,0x80DA,DELLIS,SPEECH.axx
name_speech[82],1,0x80,1,0x80BE,KEMP		( SEATTLE ),SPEECH.axx
name_speech[83],1,0x80,1,0x8028,PAYTON,SPEECH.axx
name_speech[84],1,0x80,1,0x80EA,GILL,SPEECH.axx
name_speech[85],1,0x80,1,0x80CE,SCHREMPF,SPEECH.axx
name_speech[86],1,0x80,1,0x80C5,MALONE_K	( UTAH ),SPEECH.axx
name_speech[87],1,0x80,1,0x80C6,STOCKTON,SPEECH.axx
name_speech[88],1,0x80,1,0x8012,BENOIT,SPEECH.axx
name_speech[89],1,0x80,1,0x80B4,GUGLIOTTA	( WASHINGTON ),SPEECH.axx
name_speech[90],1,0x80,1,0x8018,ELLISON,SPEECH.axx
name_speech[91],1,0x80,1,0x8015,CHEANEY,SPEECH.axx
name_speech[92],1,0x80,1,0x801E,JORDAN		( CHICAGO ),SPEECH.axx
name_speech[93],1,0x80,1,0x81B9,ONEAL,SPEECH.axx
name_speech[94],1,0x80,1,0x81B9,ONEAL,SPEECH.axx
name_speech[95],1,0x80,1,0x801E,JORDAN		( CHICAGO ),SPEECH.axx
name_speech[96],1,0x80,1,0x80C2,ROBINSON	( SAN ANTONIO ),SPEECH.axx
name_speech[97],1,0x80,1,0x80C6,STOCKTON,SPEECH.axx
name_speech[98],1,0x80,1,0x80C6,STOCKTON,SPEECH.axx
name_speech[99],1,0x80,1,0x80C2,ROBINSON	( SAN ANTONIO ),SPEECH.axx
name_speech[100],1,0x80,1,0x80B7,Barkley,SPEECH.axx
name_speech[101],1,0x80,1,0x80C5,MALONE_K	( UTAH ),SPEECH.axx
name_speech[102],1,0x80,1,0x80C5,MALONE_K	( UTAH ),SPEECH.axx
name_speech[103],1,0x80,1,0x80B7,Barkley,SPEECH.axx
name_speech[104],1,0x80,1,0x80D8,OLAJUWON	( HOUSTON ),SPEECH.axx
name_speech[105],1,0x80,1,0x80C9,THOMAS		( DETROIT ),SPEECH.axx
name_speech[106],1,0x80,1,0x80C9,THOMAS		( DETROIT ),SPEECH.axx
name_speech[107],1,0x80,1,0x80D8,OLAJUWON	( HOUSTON ),SPEECH.axx
name_speech[108],1,0x80,1,0x80BE,KEMP		( SEATTLE ),SPEECH.axx
name_speech[109],1,0x80,1,0x80CD,MILLER		( INDIANA ),SPEECH.axx
name_speech[110],1,0x80,1,0x80CD,MILLER		( INDIANA ),SPEECH.axx
name_speech[111],1,0x80,1,0x80BE,KEMP		( SEATTLE ),SPEECH.axx
name_speech[112],1,0x80,1,0x80BF,DREXLER	( PORTLAND ),SPEECH.axx
name_speech[113],1,0x80,1,0x80B9,EWING		( NEW YORK ),SPEECH.axx
name_speech[114],1,0x80,1,0x80B9,EWING		( NEW YORK ),SPEECH.axx
name_speech[115],1,0x80,1,0x80BF,DREXLER	( PORTLAND ),SPEECH.axx
name_speech[116],1,0x80,1,0x80B6,JOHNSN_L	( CHARLOTTE ),SPEECH.axx
name_speech[117],1,0x80,1,0x8017,DUMARS,SPEECH.axx
name_speech[118],1,0x80,1,0x8017,DUMARS,SPEECH.axx
name_speech[119],1,0x80,1,0x80B6,JOHNSN_L	( CHARLOTTE ),SPEECH.axx
name_speech[120],1,0x80,1,0x80E0,COLEMAN	( NEW JERSEY ),SPEECH.axx
name_speech[121],1,0x80,1,0x80C7,MULLIN,SPEECH.axx
name_speech[122],1,0x80,1,0x80C7,MULLIN,SPEECH.axx
name_speech[123],1,0x80,1,0x80E0,COLEMAN	( NEW JERSEY ),SPEECH.axx
name_speech[124],1,0x80,1,0x80DB,MUTUMBO	( DENVER ),SPEECH.axx
name_speech[125],1,0x80,1,0x8025,MOURNING,SPEECH.axx
name_speech[126],1,0x80,1,0x8025,MOURNING,SPEECH.axx
name_speech[127],1,0x80,1,0x80DB,MUTUMBO	( DENVER ),SPEECH.axx
name_speech[128],1,0x80,1,0x80BB,WILKINS	( ATLANTA ),SPEECH.axx
name_speech[129],1,0x80,1,0x802C,RODMAN,SPEECH.axx
name_speech[130],1,0x80,1,0x802C,RODMAN,SPEECH.axx
name_speech[131],1,0x80,1,0x80BB,WILKINS	( ATLANTA ),SPEECH.axx
name_speech[132],1,0x90,1,0x81FE,silence,SPEECH.axx
name_speech[133],1,0x90,1,0x81FE,silence,SPEECH.axx
name_speech[134],1,0x90,1,0x81FE,silence,SPEECH.axx
special_name_speech[0],1,0x80,1,0x81FE,0  GOSKIE,SPEECH.axx
special_name_speech[1],1,0x80,1,0x81FE,1  RIVETT,SPEECH.axx
special_name_speech[2],1,0x80,1,0x81FE,2  CARLTON,SPEECH.axx
special_name_speech[3],1,0x80,1,0x81FE,3  DIVITA,SPEECH.axx
special_name_speech[4],1,0x80,1,0x81FE,4  LIPTAK,SPEECH.axx
special_name_speech[5],1,0x80,1,0x81FE,5  TURMELL,SPEECH.axx
special_name_speech[6],1,0x80,1,0x81FE,6  HEY,SPEECH.axx
special_name_speech[7],1,0x80,1,0x81FE,7  PETRO,SPEECH.axx
special_name_speech[8],1,0x80,1,0x81FE,8  NEWCOMER,SPEECH.axx
special_name_speech[9],1,0x80,1,0x81FE,9  OURSLER,SPEECH.axx
special_name_speech[10],1,0x80,1,0x81FE,10 LASCO,SPEECH.axx
special_name_speech[11],1,0x80,1,0x81FE,11 MORRIS,SPEECH.axx
special_name_speech[12],1,0x80,1,0x81FE,12 MEDNICK,SPEECH.axx
special_name_speech[13],1,0x80,1,0x81FE,13 FORDEN,SPEECH.axx
special_name_speech[14],1,0x80,1,0x81FE,14 KINKEAD,SPEECH.axx
special_name_speech[15],1,0x80,1,0x81FE,15 JARVIS,SPEECH.axx
special_name_speech[16],1,0x80,1,0x8196,16 SUBZ,SPEECH.axx
special_name_speech[17],1,0x80,1,0x81FE,17 HAEGER,SPEECH.axx
special_name_speech[18],1,0x80,1,0x81FE,18 SIMPSON,SPEECH.axx
special_name_speech[19],1,0x80,1,0x81FE,19 GREEN,SPEECH.axx
special_name_speech[20],1,0x80,1,0x81FE,20 GENTILE,SPEECH.axx
special_name_speech[21],1,0x80,1,0x81FE,21 DILLON,SPEECH.axx
special_name_speech[22],1,0x80,1,0x81FE,22 LOWES,SPEECH.axx
special_name_speech[23],1,0x80,1,0x81FE,23 VOGEL,SPEECH.axx
special_name_speech[24],1,0x80,1,0x81FE,24 TSUI,SPEECH.axx
special_name_speech[25],1,0x80,1,0x81FE,25 KAM,SPEECH.axx
special_name_speech[26],1,0x80,1,0x81FE,26 DEAL,SPEECH.axx
special_name_speech[27],1,0x80,1,0x81FE,27 BOOTY,SPEECH.axx
special_name_speech[28],1,0x80,1,0x81FE,28 LOFFRE,SPEECH.axx
special_name_speech[29],1,0x80,1,0x81FE,29 PENACHO,SPEECH.axx
special_name_speech[30],1,0x80,1,0x81FE,30 BARKER,SPEECH.axx
special_name_speech[31],1,0x80,1,0x81FE,31 COX,SPEECH.axx
special_name_speech[32],1,0x80,1,0x80B0,32 RAIDEN,SPEECH.axx
special_name_speech[33],1,0x80,1,0x81FE,33 REAPER,SPEECH.axx
special_name_speech[34],1,0x80,1,0x81FE,34 MACIKA,SPEECH.axx
special_name_speech[35],1,0x80,1,0x81FE,35 SHARPE,SPEECH.axx
special_name_speech[36],1,0x80,1,0x81FE,36 BERAN,SPEECH.axx
special_name_speech[37],1,0x80,1,0x81FE,38 KONGO,SPEECH.axx
special_name_speech[38],1,0x80,1,0x81FE,39 PONTAREL,SPEECH.axx
special_name_speech[39],1,0x80,1,0x81FE,40 ELVIS,SPEECH.axx
special_name_speech[40],1,0x80,1,0x81FE,41 DAVIS,SPEECH.axx
special_name_speech[41],1,0x80,1,0x81FE,42 BOON,SPEECH.axx
special_name_speech[42],1,0x80,1,0x81FE,43 TOBIAS,SPEECH.axx
special_name_speech[43],1,0x80,1,0x81FE,44 HEITSCH,SPEECH.axx
special_name_speech[44],1,0x80,1,0x81FE,45 DABEL,SPEECH.axx
special_name_speech[45],1,0x80,1,0x81FE,46 MARTINEZ,SPEECH.axx
special_name_speech[46],1,0x80,1,0x81FE,47 DAVIES,SPEECH.axx
special_name_speech[47],1,0x80,1,0x81FE,48 HOSK,SPEECH.axx
special_name_speech[48],1,0x80,1,0x81FE,49 OLIV,SPEECH.axx
special_name_speech[49],1,0x80,1,0x8197,50 SCORP,SPEECH.axx
special_name_speech[50],1,0x80,1,0x81A5,51 REPT,SPEECH.axx
special_name_speech[51],1,0x80,1,0x81FE,52 GRANNER,SPEECH.axx
special_name_speech[52],1,0x80,1,0x81EB,53 GRIFFEY,SPEECH.axx
special_name_speech[53],1,0x80,1,0x80B1,54 SKILES,SPEECH.axx
special_name_speech[54],1,0x80,1,0x81FE,55 LINHOFF,SPEECH.axx
special_name_speech[55],1,0x80,1,0x80BB,56 WILKINS,SPEECH.axx
special_name_speech[56],1,0x80,1,0x80C3,57 BROWN,SPEECH.axx
special_name_speech[57],1,0x80,1,0x8025,58 MOURNING,SPEECH.axx
special_name_speech[58],1,0x80,1,0x80B2,59 PIPPEN,SPEECH.axx
special_name_speech[59],1,0x80,1,0x8028,60 PAYTON,SPEECH.axx
special_name_speech[60],1,0x80,1,0x801E,61 JORDAN,SPEECH.axx
special_name_speech[61],1,0x80,1,0x80D8,62 OLAJUWON,SPEECH.axx
special_name_speech[62],1,0x80,1,0x80E0,63 COLEMAN,SPEECH.axx
special_name_speech[63],1,0x80,1,0x80B9,64 EWING,SPEECH.axx
special_name_speech[64],1,0x80,1,0x80B7,65 BARKLEY,SPEECH.axx
special_name_speech[65],1,0x80,1,0x80C2,66 ROBINSON,SPEECH.axx
special_name_speech[66],1,0x80,1,0x80BE,67 KEMP,SPEECH.axx
special_name_speech[67],1,0x80,1,0x80C5,68 MALONE,SPEECH.axx
special_pass_speech[0],1,0x80,1,0x81FE,0  GOSKIE,SPEECH.axx
special_pass_speech[1],1,0x80,1,0x81FE,1  RIVETT,SPEECH.axx
special_pass_speech[2],1,0x80,1,0x81FE,2  CARLTON,SPEECH.axx
special_pass_speech[3],1,0x80,1,0x81FE,3  DIVITA,SPEECH.axx
special_pass_speech[4],1,0x80,1,0x81FE,4  LIPTAK,SPEECH.axx
special_pass_speech[5],1,0x80,1,0x81FE,5  TURMELL,SPEECH.axx
special_pass_speech[6],1,0x80,1,0x81FE,6  HEY,SPEECH.axx
special_pass_speech[7],1,0x80,1,0x81FE,7  PETRO,SPEECH.axx
special_pass_speech[8],1,0x80,1,0x81FE,8  NEWCOMER,SPEECH.axx
special_pass_speech[9],1,0x80,1,0x81FE,9  OURSLER,SPEECH.axx
special_pass_speech[10],1,0x80,1,0x81FE,10 LASCO,SPEECH.axx
special_pass_speech[11],1,0x80,1,0x81FE,11 MORRIS,SPEECH.axx
special_pass_speech[12],1,0x80,1,0x81FE,12 MEDNICK,SPEECH.axx
special_pass_speech[13],1,0x80,1,0x81FE,13 FORDEN,SPEECH.axx
special_pass_speech[14],1,0x80,1,0x81FE,14 KINKEAD,SPEECH.axx
special_pass_speech[15],1,0x80,1,0x81FE,15 JARVIS,SPEECH.axx
special_pass_speech[16],1,0x80,1,0x81A1,16 SUBZ,SPEECH.axx
special_pass_speech[17],1,0x80,1,0x81FE,17 HAEGER,SPEECH.axx
special_pass_speech[18],1,0x80,1,0x81FE,18 SIMPSON,SPEECH.axx
special_pass_speech[19],1,0x80,1,0x81FE,19 GREEN,SPEECH.axx
special_pass_speech[20],1,0x80,1,0x81FE,20 GENTILE,SPEECH.axx
special_pass_speech[21],1,0x80,1,0x81FE,21 DILLON,SPEECH.axx
special_pass_speech[22],1,0x80,1,0x81FE,22 LOWES,SPEECH.axx
special_pass_speech[23],1,0x80,1,0x81FE,23 VOGEL,SPEECH.axx
special_pass_speech[24],1,0x80,1,0x81FE,24 TSUI,SPEECH.axx
special_pass_speech[25],1,0x80,1,0x81FE,25 KAM,SPEECH.axx
special_pass_speech[26],1,0x80,1,0x81FE,26 DEAL,SPEECH.axx
special_pass_speech[27],1,0x80,1,0x81FE,27 BOOTY,SPEECH.axx
special_pass_speech[28],1,0x80,1,0x81FE,28 LOFFRE,SPEECH.axx
special_pass_speech[29],1,0x80,1,0x81FE,29 PENACHO,SPEECH.axx
special_pass_speech[30],1,0x80,1,0x81FE,30 BARKER,SPEECH.axx
special_pass_speech[31],1,0x80,1,0x81FE,31 COX,SPEECH.axx
special_pass_speech[32],1,0x80,1,0x80E5,32 RAIDEN,SPEECH.axx
special_pass_speech[33],1,0x80,1,0x81FE,33 REAPER,SPEECH.axx
special_pass_speech[34],1,0x80,1,0x81FE,34 MACIKA,SPEECH.axx
special_pass_speech[35],1,0x80,1,0x81FE,35 SHARPE,SPEECH.axx
special_pass_speech[36],1,0x80,1,0x81FE,36 BERAN,SPEECH.axx
special_pass_speech[37],1,0x80,1,0x81FE,38 KONGO,SPEECH.axx
special_pass_speech[38],1,0x80,1,0x81FE,39 PONTAREL,SPEECH.axx
special_pass_speech[39],1,0x80,1,0x81FE,40 ELVIS,SPEECH.axx
special_pass_speech[40],1,0x80,1,0x81FE,41 DAVIS,SPEECH.axx
special_pass_speech[41],1,0x80,1,0x81FE,42 BOON,SPEECH.axx
special_pass_speech[42],1,0x80,1,0x81FE,43 TOBIAS,SPEECH.axx
special_pass_speech[43],1,0x80,1,0x81FE,44 HEITSCH,SPEECH.axx
special_pass_speech[44],1,0x80,1,0x81FE,45 DABEL,SPEECH.axx
special_pass_speech[45],1,0x80,1,0x81FE,46 MARTINEZ,SPEECH.axx
special_pass_speech[46],1,0x80,1,0x81FE,47 DAVIES,SPEECH.axx
special_pass_speech[47],1,0x80,1,0x81FE,48 HOSK,SPEECH.axx
special_pass_speech[48],1,0x80,1,0x81FE,49 OLIV,SPEECH.axx
special_pass_speech[49],1,0x80,1,0x81A2,50 SCORP,SPEECH.axx
special_pass_speech[50],1,0x80,1,0x81A6,51 REPT,SPEECH.axx
special_pass_speech[51],1,0x80,1,0x81FE,52 GRANNER,SPEECH.axx
special_pass_speech[52],1,0x80,1,0x819A,53 TO GRIFFEY (Wolf only),SPEECH.axx
special_pass_speech[53],1,0x80,1,0x80E4,54 SKILES,SPEECH.axx
special_pass_speech[54],1,0x80,1,0x81FE,55 LINHOFF,SPEECH.axx
special_pass_speech[55],1,0x80,1,0x80F0,56 TO WILKINS,SPEECH.axx
special_pass_speech[56],1,0x80,1,0x80F8,57 TO BROWN,SPEECH.axx
special_pass_speech[57],1,0x80,1,0x8121,58 TO MOURNING,SPEECH.axx
special_pass_speech[58],1,0x80,1,0x80E7,59 TO PIPPEN,SPEECH.axx
special_pass_speech[59],1,0x80,1,0x8126,60 TO PAYTON	( SEATTLE ),SPEECH.axx
special_pass_speech[60],1,0x80,1,0x817C,61 TO JORDAN,SPEECH.axx
special_pass_speech[61],1,0x80,1,0x8058,62 TO OLAJUWON,SPEECH.axx
special_pass_speech[62],1,0x80,1,0x8060,63 TO COLEMAN,SPEECH.axx
special_pass_speech[63],1,0x80,1,0x80EE,64 TO EWING,SPEECH.axx
special_pass_speech[64],1,0x80,1,0x80EC,65 TO BARKLEY,SPEECH.axx
special_pass_speech[65],1,0x80,1,0x80F5,66 TO ROBINSON,SPEECH.axx
special_pass_speech[66],1,0x80,1,0x80F1,67 TO KEMP,SPEECH.axx
special_pass_speech[67],1,0x80,1,0x80FA,68 TO MALONE,SPEECH.axx
team_speech[0],1,0x81,1,0x8035,"00 ATLANTA		""Hawks""",SPEECH.axx
team_speech[1],1,0x81,1,0x8033,"01 BOSTON		""Celtics""",SPEECH.axx
team_speech[2],1,0x81,1,0x8036,"02 CHARLOTTE		""Hornets""",SPEECH.axx
team_speech[3],1,0x81,1,0x8031,"03 CHICAGO		""Bulls""",SPEECH.axx
team_speech[4],1,0x81,1,0x8032,"04 CLEVELAND		""Cavaliers""",SPEECH.axx
team_speech[5],1,0x81,1,0x803C,"05 DALLAS		""Maverick""",SPEECH.axx
team_speech[6],1,0x81,1,0x803E,"06 DENVER		""Nuggets""",SPEECH.axx
team_speech[7],1,0x81,1,0x8040,"07 DETROIT		""Pistons""",SPEECH.axx
team_speech[8],1,0x81,1,0x8048,"08 GOLDEN STATE	""Warriors""",SPEECH.axx
team_speech[9],1,0x81,1,0x8041,"09 HOUSTON		""Rockets""",SPEECH.axx
team_speech[10],1,0x81,1,0x803F,"10 INDIANA		""Pacers""",SPEECH.axx
team_speech[11],1,0x81,1,0x8034,"11 L.A. CLIPPERS	""Clippers""",SPEECH.axx
team_speech[12],1,0x81,1,0x803A,"12 L.A. LAKERS		""Lakers""",SPEECH.axx
team_speech[13],1,0x81,1,0x8046,"13 MIAMI		""Heat""",SPEECH.axx
team_speech[14],1,0x81,1,0x804A,"14 MILWAUKEE		""Bucks""",SPEECH.axx
team_speech[15],1,0x81,1,0x8047,"15 MINNESOTTA		""Timberwolves""",SPEECH.axx
team_speech[16],1,0x81,1,0x803D,"16 NEW JERSEY		""Nets""",SPEECH.axx
team_speech[17],1,0x81,1,0x8039,"17 NEW YORK		""Knicks""",SPEECH.axx
team_speech[18],1,0x81,1,0x803B,"18 ORLANDO		""Magic""",SPEECH.axx
team_speech[19],1,0x81,1,0x8042,"19 PHILADELPHIA	""Sixers""",SPEECH.axx
team_speech[20],1,0x81,1,0x8044,"20 PHOENIX		""Suns""",SPEECH.axx
team_speech[21],1,0x81,1,0x8049,"21 PORTLAND		""Blazers""",SPEECH.axx
team_speech[22],1,0x81,1,0x8038,"22 SACRAMENTO		""Kings""",SPEECH.axx
team_speech[23],1,0x81,1,0x8043,"23 SAN ANTONIO		""Spurs""",SPEECH.axx
team_speech[24],1,0x81,1,0x8045,"24 SEATTLE		""Supersonics""",SPEECH.axx
team_speech[25],1,0x81,1,0x8037,"25 UTAH		""Jazz""",SPEECH.axx
team_speech[26],1,0x81,1,0x8030,"26 WASHINGTON		""Bullets""",SPEECH.axx
team_speech[27],1,0x81,1,0x81E2,GOOOOD!!!,SPEECH.axx
